id,name,cost mult,build time,income,upkeep,downgrade,upgrade,tags,data,image,plugin,desc,order,disruptDanger
population,Población e Infraestructura,,,10,3,,,"population, unraidable, no_saturation_bombardment",,graphics/icons/industry/population.png,com.fs.starfarer.api.impl.campaign.econ.impl.PopulationAndInfrastructure,"La infraestructura básica necesaria para sustentar a una población determinada, desde destartalados módulos habitables hasta megaciudades, pasando por todo lo demás.",100,
farming,Agricultura,15,60,,1,,,"farming, industry, rural",,graphics/icons/industry/farming.png,com.fs.starfarer.api.impl.campaign.econ.impl.Farming,"La agricultura es un oficio y una tecnología tan antigua como la propia civilización; durante miles de años, la humanidad ha aprovechado el poder de los organismos biológicos naturales, modificados y artificiales para su sustento. Así ha sido siempre, y así seguirá siendo mientras los seres humanos sigan siendo humanos.",200,LOW
aquaculture,Acuicultura,50,60,,3,,,"farming, industry, rural",,graphics/icons/industry/aquaculture.png,com.fs.starfarer.api.impl.campaign.econ.impl.Farming,"La agricultura en un mundo acuático requiere una inversión inicial considerable en la bioingeniería de especies adecuadas, pero una vez que el proceso se pone en marcha, la población puede gestionar las granjas de algas y las explotaciones pesqueras sin necesidad de mucha formación especializada ni equipamiento.",210,MEDIUM
mining,Minería,20,60,,2,,,"mining, industry, industrial",,graphics/icons/industry/mining.png,com.fs.starfarer.api.impl.campaign.econ.impl.Mining,"La extracción de minerales metálicos y metaloides, orgánicos y volátiles requiere equipamiento pesado, infraestructuras especiales y mano de obra cualificada. Las duras condiciones de trabajo atraen a un tipo concreto de personas, y una administración que no esté dispuesta a hacer la vista gorda de vez en cuando podría encontrarse con una escasez de personal.",300,MEDIUM
techmining,Minería de Tecnología,30,45,,2,,,"techmining, industry, industrial",,graphics/icons/industry/techmining.png,com.fs.starfarer.api.impl.campaign.econ.impl.TechMining,"La minería de tecnología es el variopinto arte de recuperar objetos valiosos de las ruinas del Dominio. Requiere herramientas especiales para hacer frente a peligros únicos y el criterio de un experto para saber dónde buscar un buen botín de joyas tecnológicas. Los mineros más veteranos son gente extraña que se aferran a amuletos de la suerte y se niegan a trabajar sin sus rituales.",400,MEDIUM
refining,Refinería,45,90,,3,,,"refining, industry, industrial",,graphics/icons/industry/refining.png,com.fs.starfarer.api.impl.campaign.econ.impl.Refining,"Las plantas de fundición transforman los minerales y los minerales transplutónicos en metales y transplutónicos, respectivamente. Por lo general, se utilizan robots teledirigidos para realizar las tareas más peligrosas.",500,MEDIUM
spaceport,Puerto Espacial,10,15,,3,,megaport,"spaceport, important, structure",,graphics/icons/industry/spaceport.png,com.fs.starfarer.api.impl.campaign.econ.impl.Spaceport,"Instalaciones para la carga y descarga de mercancías y para realizar reparaciones básicas en naves espaciales. Una colonia sin puerto espacial es prácticamente inaccesible para el comercio interestelar.",150,HIGH
megaport,Megapuerto Espacial,60,150,,4,spaceport,,"spaceport, structure",,graphics/icons/industry/megaport.png,com.fs.starfarer.api.impl.campaign.econ.impl.Spaceport,"Un colosal puerto espacial donde las estrellas parecen rozar el suelo. Las grúas de aterrizaje, dispuestas en filas ordenadas, y los depósitos de combustible blindados se entrelazan con tranvías de corto recorrido que abastecen a una extensa zona de almacenes y terminales logísticos, todo en su conjunto haciendo que la colonia sea mucho más accesible.",151,EXTREME
lightindustry,Industria Ligera,45,90,,8,,,"lightindustry, industry, rural",,graphics/icons/industry/light_industry.png,com.fs.starfarer.api.impl.campaign.econ.impl.LightIndustry,"Produce bienes de consumo y de lujo. Es una de las pocas industrias que se ha visto relativamente poco afectada por el Colapso, debido a su carácter poco tecnológico.",1400,MEDIUM
heavyindustry,Industria Pesada,100,120,,12,,orbitalworks,"heavyindustry, uses_blueprints, industry, industrial",,graphics/icons/industry/heavy_industry.png,com.fs.starfarer.api.impl.campaign.econ.impl.HeavyIndustry,"Infraestructura de fabricación centralizada para la producción de maquinaria industrial pesada, suministros y armamento. También es capaz de fabricar naves mínimamente viables para el espacio; se puede instalar una nanoforja para mejorar la calidad de producción.",1600,HIGH
orbitalworks,Astilleros Orbitales,60,150,,12,heavyindustry,,"heavyindustry, uses_blueprints, industry, industrial",,graphics/icons/industry/orbital_works.png,com.fs.starfarer.api.impl.campaign.econ.impl.HeavyIndustry,"Infraestructura de fabricación centralizada para la producción de maquinaria industrial pesada, suministros y armamento. También es capaz de fabricar naves mínimamente viables para el espacio; se puede instalar una nanoforja para mejorar la calidad de producción.

Se ha mejorado con un componente orbital que facilita aún más la construcción de naves, lo que se traduce en un menor número de defectos de fabricación.",1700,HIGH
fuelprod,Producción de Combustible,90,120,,10,,,"fuelprod, industry, industrial",,graphics/icons/industry/fuel_production.png,com.fs.starfarer.api.impl.campaign.econ.impl.FuelProduction,"Esta instalación produce combustible de naves espaciales, el elemento vital de la civilización interestelar. Al carecer de componentes tecnológicos del Dominio, la producción de combustible es un proceso laborioso y lento.",1800,HIGH
#advfuelprod,Producción de Combustible Avanzada,120,60,,5,fuelprod,,fuelprod,,graphics/icons/industry/advanced_fuel_production.png,com.fs.starfarer.api.impl.campaign.econ.impl.FuelProduction,"Una gigantesca planta dotada de tecnología del Dominio produce combustible de naves espaciales, el elemento vital de la civilización interestelar.",1900,
commerce,Comercio,90,90,,3,,,"industry, urban",,graphics/icons/industry/commerce.png,com.fs.starfarer.api.impl.campaign.econ.impl.TradeCenter,"Normativas, concesiones e infraestructuras para fomentar un comercio independiente próspero. Reduce considerablemente el grado de control directo que la administración ejerce sobre la colonia.",1950,MEDIUM
station_base,Estación Orbital,,,,,,,"station, parent_item, important, structure",station,graphics/icons/industry/station_category.png,com.fs.starfarer.api.impl.campaign.econ.impl.OrbitalStation,"Una estación espacial capaz de dar apoyo a las flotas aliadas cerca de $marketName y que debe ser incapacitada antes de poder intentar un bombardeo.

Existen múltiples variantes, cuyas diferencias residen generalmente en los enfoques tácticos más que en la potencia total.",2000,
orbitalstation,Estación Orbital - Baja Tecnología,50,90,,3,,battlestation,"station, sub_item, unraidable, structure","{
radius:55,
variant:station1_Standard,
fleetName:Orbital Station,
}",graphics/icons/industry/orbital_station.png,com.fs.starfarer.api.impl.campaign.econ.impl.OrbitalStation,"Una estación espacial de baja tecnología, dotada de un blindaje pesado y una potencia de fuego intermedia.

Debe ser incapacitada antes de poder intentar un bombardeo.",2010,
battlestation,Estación de Combate - Baja Tecnología,100,120,,4,orbitalstation,starfortress,"station, battlestation, unraidable, structure","{
radius:65,
variant:station2_Standard,
fleetName:Battlestation,
}",graphics/icons/industry/battlestation.png,com.fs.starfarer.api.impl.campaign.econ.impl.OrbitalStation,"Una estación espacial, mejorada con un bastión pesado y ciudadelas de defensa antiaérea.

Debe ser incapacitada antes de poder intentar un bombardeo.",2020,
starfortress,Fortaleza Estelar - Baja Tecnología,200,180,,5,battlestation,,"station, starfortress, unraidable, structure","{
radius:70,
variant:station3_Standard,
fleetName:Star Fortress
}",graphics/icons/industry/star_fortress.png,com.fs.starfarer.api.impl.campaign.econ.impl.OrbitalStation,"Una estación de combate reforzada y equipada con drones de defensa de clase Merlon y un extenso campo de minas.

Debe ser incapacitada antes de poder intentar un bombardeo.",2030,
orbitalstation_mid,Estación Orbital - Media Tecnología,50,90,,3,,battlestation_mid,"station, sub_item, unraidable, structure","{
radius:55,
variant:station1_midline_Standard,
fleetName:Orbital Station,
}",graphics/icons/industry/orbital_station.png,com.fs.starfarer.api.impl.campaign.econ.impl.OrbitalStation,"Una estación espacial de media tecnología dotada de una gran potencia de fuego en un costado y de una rápida rotación axial.

Debe ser incapacitada antes de poder intentar un bombardeo.",2040,
battlestation_mid,Estación de Combate - Media Tecnología,100,120,,4,orbitalstation_mid,starfortress_mid,"station, battlestation, unraidable, structure","{
radius:65,
variant:station2_midline_Standard,
fleetName:Battlestation,
}",graphics/icons/industry/battlestation.png,com.fs.starfarer.api.impl.campaign.econ.impl.OrbitalStation,"Una estación espacial mejorada con módulos de misiles de apoyo.

Debe ser incapacitada antes de poder intentar un bombardeo.",2050,
starfortress_mid,Fortaleza Estelar - Media Tecnología,200,180,,5,battlestation_mid,,"station, starfortress, unraidable, structure","{
radius:70,
variant:station3_midline_Standard,
fleetName:Star Fortress
}",graphics/icons/industry/star_fortress.png,com.fs.starfarer.api.impl.campaign.econ.impl.OrbitalStation,"Una estación de combate reforzada y equipada con drones de defensa de clase Ravelin y un extenso campo de minas.

Debe ser incapacitada antes de poder intentar un bombardeo.",2060,
orbitalstation_high,Estación Orbital - Alta Tecnología,50,90,,3,,battlestation_high,"station, sub_item, unraidable, structure","{
radius:55,
variant:station1_hightech_Standard,
fleetName:Orbital Station,
}",graphics/icons/industry/orbital_station.png,com.fs.starfarer.api.impl.campaign.econ.impl.OrbitalStation,"Una estación espacial de alta tecnología, equipada con resistentes escudos giratorios, una flota de cazas y una potencia de fuego intermedia.

Debe ser incapacitada antes de poder intentar un bombardeo.",2070,
battlestation_high,Estación de Combate - Alta Tecnología,100,120,,4,orbitalstation_high,starfortress_high,"station, battlestation, unraidable, structure","{
radius:65,
variant:station2_hightech_Standard,
fleetName:Battlestation,
}",graphics/icons/industry/battlestation.png,com.fs.starfarer.api.impl.campaign.econ.impl.OrbitalStation,"Una estación espacial mejorada con una ciudadela defensiva dotada de gran potencia de fuego.

Debe ser incapacitada antes de poder intentar un bombardeo.",2080,
starfortress_high,Fortaleza Estelar - Alta Tecnología,200,180,,5,battlestation_high,,"station, starfortress, unraidable, structure","{
radius:70,
variant:station3_hightech_Standard,
fleetName:Star Fortress
}",graphics/icons/industry/star_fortress.png,com.fs.starfarer.api.impl.campaign.econ.impl.OrbitalStation,"Una estación de combate reforzada y equipada con drones de defensa de clase Gárgola y teleportadores de minas guiadas de largo alcance.

Debe ser incapacitada antes de poder intentar un bombardeo.",2090,
grounddefenses,Defensas Terrestres,30,60,,2,,heavybatteries,"grounddefenses, unraidable, tactical_bombardment, structure",,graphics/icons/industry/ground_defenses.png,com.fs.starfarer.api.impl.campaign.econ.impl.GroundDefenses,"Una red dispersa y semiautónoma de pequeñas instalaciones armadas ocultas que hace que la perspectiva de un asalto terrestre directo, e incluso de simples incursiones, resulte extremadamente costosa para el atacante. Solo un bombardeo orbital abrumador o una cobertura activa enormemente desproporcionada pueden neutralizar estas defensas.",2200,
heavybatteries,Artillería Pesada,60,90,,3,grounddefenses,,"grounddefenses, unraidable, tactical_bombardment, structure",,graphics/icons/industry/heavy_batteries.png,com.fs.starfarer.api.impl.campaign.econ.impl.GroundDefenses,"La artillería blindada enterrada complementa una red dispersa de pequeñas instalaciones armadas ocultas. La artillería terrestre es capaz de demostrar una potencia de fuego realmente impresionante, aunque esta realmente solo dificulta las operaciones terrestres, ya que ningún capitán espacial sería tan imprudente como para adentrarse en su radio de alcance.",2300,
patrolhq,Cuartel de Patrulla,60,60,,8,,militarybase,"patrol, unraidable, tactical_bombardment, structure",,graphics/icons/industry/patrol_hq.png,com.fs.starfarer.api.impl.campaign.econ.impl.MilitaryBase,"Hangares, bahías de mantenimiento, centro de mando y control, cuarteles y operaciones logísticas necesarias para proyectar fuerza en todo un sistema estelar. Una vez establecidas, las patrullas militarizadas perseguirán a piratas y protegerán a los convoyes aliados.",2400,
militarybase,Base Militar,90,120,,10,patrolhq,highcommand,"military, unraidable, tactical_bombardment, industry",,graphics/icons/industry/military_base.png,com.fs.starfarer.api.impl.campaign.econ.impl.MilitaryBase,"Estas instalaciones permiten la proyección de fuerza entre sistemas estelares. Cualquier operación militar de este calado supone una enorme tarea logística que requiere la coordinación de decenas, incluso cientos, de naves y de miles de oficiales, tripulantes y soldados.",2500,
highcommand,Alto Mando Militar,30,120,,14,militarybase,,"command, unraidable, tactical_bombardment, industry",,graphics/icons/industry/high_command.png,com.fs.starfarer.api.impl.campaign.econ.impl.MilitaryBase,Un imperio interestelar solo es posible gracias a un cuerpo excepcional de oficiales y burócratas a los que se les ha otorgado autoridad sobre los recursos de sistemas estelares enteros. Un alto mando bien establecido permite organizar y llevar a cabo operaciones militares en todo el Sector.,2600,
lionsguard,CG de la Guardia del León,90,60,,6,,,"military, unraidable, tactical_bombardment, structure, codex_unlockable",,graphics/icons/industry/lions_guard.png,com.fs.starfarer.api.impl.campaign.econ.impl.LionsGuardHQ,"Cuartel general de la temida guardia personal de Phillip «El León de Sindria» Andrada. Con un entrenamiento excepcional y acceso al mejor equipamiento que los créditos pueden comprar, la lealtad fanática de la Guardia se mantiene mediante un sistema de privilegios e incentivos que, al tiempo que la elevan, la aíslan del ejército regular del Diktat.",2650,
planetaryshield,Escudo Planetario,150,90,,3,,,"grounddefenses, structure, codex_unlockable",,graphics/icons/industry/planetary_shield.png,com.fs.starfarer.api.impl.campaign.econ.impl.PlanetaryShield,"Una envoltura de plasma cargado, impregnada de partículas virtuales exóticas que produce efectos que merman la eficacia de los bombardeos a larga distancia e incluso las incursiones de pequeñas naves. El escudo planetario puede recargarse y controlarse de forma continuada desde una fuente central y supone un obstáculo formidable para cualquier tipo de asalto terrestre.",2700,EXTREME
waystation,Gasolinera Espacial,20,60,,2,,,"waystation, structure",,graphics/icons/industry/waystation.png,com.fs.starfarer.api.impl.campaign.econ.impl.Waystation,Un depósito de suministros y mantenimiento para flotas interestelares. Mejora la accesibilidad de una colonia.,155,MEDIUM
cryosanctum,Criosantuario,150,90,,5,,,"cryosanctum, structure, codex_unlockable",,graphics/icons/industry/cryosanctum.png,com.fs.starfarer.api.impl.campaign.econ.impl.Cryosanctum,"Una enorme cámara con aspecto de mausoleo, construida para albergar a quienes deciden arriesgarse a la criogenización con tal de superar esta época desastrosa y despertar en lo que en teoría podría ser una era más civilizada. Las cápsulas criogénicas en sí mismas son insignificantes en tamaño si se comparan con la infraestructura de apoyo, redundante en múltiples niveles, los enormes sistemas de seguridad automatizados y las baterías antiaéreas, todo ello ubicado en un laberinto-fortaleza subterráneo ramificado en todas las direcciones.",3000,EXTREME
,,,,,,,,,,,,,,
cryorevival,Crioresurrección,60,60,,5,,,"cryorevival, structure, codex_unlockable",,graphics/icons/industry/cryorevival.png,com.fs.starfarer.api.impl.campaign.econ.impl.Cryorevival,Instalaciones necesarias para la reactivación e integración masivas de los pasajeros de una megacápsula criogénica del Dominio. Incrementa considerablemente el crecimiento demográfico.,3200,MEDIUM
