id,name,faction,desc,script,icon,order
open_market,"Mercado
Legal",,"El mercado legal. Aquí solo se pueden comercializar productos legales, y las transacciones están sujetas a aranceles. Hay más productos disponibles cuando el nivel de estabilidad es alto.

Vender una cantidad suficiente de un producto resolverá temporalmente la escasez.",com.fs.starfarer.api.impl.campaign.submarkets.OpenMarketPlugin,,0
black_market,"Mercado
Negro",pirates,"El mercado negro. Se puede comprar y vender de todo, y no hay aranceles. Hay más productos disponibles cuando la estabilidad es baja.

Vender una cantidad suficiente de un producto resolverá temporalmente la escasez.

Las transacciones en el mercado negro pueden llamar la atención de las autoridades, dando lugar a inspecciones de cargamento y a una dismunición de la reputación, a menos que los intercambios se realicen con el transpondedor apagado.

Participar en el comercio legítimo como «tapadera» también reduce la probabilidad de atraer la atención de las autoridades.",com.fs.starfarer.api.impl.campaign.submarkets.BlackMarketPlugin,graphics/factions/black_market.png,999
storage,Almacén,player,Espacio de almacenamiento para naves y mercancías.,com.fs.starfarer.api.impl.campaign.submarkets.StoragePlugin,graphics/factions/storage.png,1000
generic_military,,,"Comercia con la base militar de $theFaction.

Aquí se pueden comprar y vender armas y otro material militar, incluso aunque sean ilegales en el mercado legal. Estar comisionado y una mejor reputación con $theFaction te permitirán acceder a material de mayor calidad.

Se comprarán productos ilegales a nivel local a través de un programa de readquisición sin preguntas.

Vender una cantidad suficiente de un producto resolverá temporalmente la escasez.",com.fs.starfarer.api.impl.campaign.submarkets.MilitarySubmarketPlugin,,100
local_resources,"Reservas de
Recursos",,,com.fs.starfarer.api.impl.campaign.submarkets.LocalResourcesSubmarketPlugin,,200