name,id,tier,rarity,tech/manufacturer,tags,uiTags,base value,unlocked,hidden,hiddenEverywhere,cost_frigate,cost_dest,cost_cruiser,cost_capital,script,desc,short,sModDesc,sprite
Escudos Acelerados,advancedshieldemitter,0,,,"defensive, shields, merc, standard",Shields,3000,,,,3,6,9,15,data.hullmods.AcceleratedShieldEmitter,Aumenta la velocidad de rotación de los escudos de la nave en un %s y la velocidad a la que se activan los escudos en un %s.,Aumenta la velocidad de rotación de los escudos y la velocidad de activación.,Aumenta la velocidad de rotación y la velocidad de activación de los escudos en un %s adicional.,graphics/hullmods/accelerated_shields.png
Bobinas Phase Adaptativas,adaptive_coils,2,,,"phase, merc, standard",Phase,5000,,,,5,10,15,25,com.fs.starfarer.api.impl.hullmods.AdaptivePhaseCoils,"Las bobinas phase pierden capacidad para mantener la conexión con el espacio normal a medida que aumentan los niveles de flux duro de la nave, lo que provoca una reducción considerable de la velocidad máxima ya que las bobinas tienen dificultades para ganar tracción.

Esta modificación permite que las bobinas soporten niveles más altos de flux duro, aumentando el umbral en el que la velocidad cae al mínimo en un %s. En el caso de las bobinas de diseño estándar sin otras modificaciones, esto eleva el umbral de %s a %s.",Reduce el efecto del flux duro sobre la velocidad máxima en phase.,,graphics/hullmods/phase_field.png
Ópticas Avanzadas,advancedoptics,2,,,"offensive, merc, standard",Weapons,1000,,,,5,10,15,25,data.hullmods.AdvancedOptics,"Aumenta el alcance de las armas de rayos en un %s, pero reduce su velocidad de rotación en un %s. Acumulativo con la Unidad de Puntería Integrada.",Aumenta el alcance de las armas de rayos.,,graphics/hullmods/advanced_optics.png
Giroscopios de Torreta Avanzados,turretgyros,0,,,"defensive, merc, standard",Weapons,2500,,,,2,4,6,10,data.hullmods.AdvancedTurretGyros,Aumenta la velocidad de rotación de todas las torretas en un %s.,Aumenta la velocidad de rotación de la torretas.,Aumenta el daño a misiles y cazas en un %s. Aumenta el daño a naves más pequeñas en un %s por cada clase de tamaño de diferencia.,graphics/hullmods/advanced_turret_gyros.png
Soportes de Armas Blindados,armoredweapons,0,,,"defensive, merc, standard","Weapons, Defenses",2500,TRUE,,,3,6,9,15,data.hullmods.ArmoredWeapons,"Aumenta la durabilidad de todas las armas en un %s y reduce el retroceso en un %s, pero disminuye la velocidad de rotación del arma en un %s. Además, aumenta el blindaje de la nave en un %s.","Hace que las armas sean más difíciles de incapacitar y reduce el retroceso.",Aumenta la cadencia de disparo de todas las armas que no sean misiles en un %s.,graphics/hullmods/armored_weapon_emplacements.png
Paquete de Asalto,assault_package,1,,,"defensive, civ_package, no_drop, no_drop_salvage, hide_in_codex","Special, Defenses",8000,,,,3,6,9,15,com.fs.starfarer.api.impl.hullmods.AssaultPackage,"Aumenta la integridad del casco de la nave en un %s, el blindaje en un %s y la capacidad de flux en un %s.

Intentará enfrentarse a los enemigos y, en la medida de lo posible, actuará como una nave de combate en batalla.","Aumenta la integridad del casco, el blindaje y la capacidad de flux.",,graphics/hullmods/assault_package.png
Unidad de Reparación Automática,autorepair,2,,,"engines, defensive, merc, standard",Defenses,7500,,,,3,6,9,15,data.hullmods.AutomatedRepairUnit,Reduce en un %s el tiempo necesario para reparar armas y motores averiados (en combate).,Aumenta la velocidad de reparación de las armas en combate.,"Reduce el tiempo de reparación a %s y la duración de sobrecarga en un %s.",graphics/hullmods/automated_repair_unit.png
Propulsores Auxiliares,auxiliarythrusters,1,,,"engines, merc, standard",Engines,5000,TRUE,,,4,8,12,20,data.hullmods.AuxiliaryThrusters,Aumenta la maniobrabilidad de la nave en un %s.,Aumenta la maniobrabilidad.,"Aumenta el boost de velocidad en 0-flux en un %s y la bonificación a la velocidad de giro en 0-flux en un %s.",graphics/hullmods/auxilliary_thrusters.png
Telémetro Balístico,ballistic_rangefinder,2,,,"offensive, merc, standard",Weapons,8000,,,,5,10,15,25,com.fs.starfarer.api.impl.hullmods.BallisticRangefinder,<tooltip created in the script due to lots of highlighting>,Aumenta el alcance base de las armas pequeñas y medianas en las ranuras balísticas.,,graphics/hullmods/ballistic_rangefinder.png
Puertas Blindadas,blast_doors,0,,,"defensive, merc, standard",Defenses,2500,TRUE,,,4,8,12,20,data.hullmods.BlastDoors,"Instala puertas herméticas y fuertemente reforzadas en puntos críticos por toda la nave. Aumenta la integridad del casco en un %s.

La nave sufre un %s menos de bajas entre la tripulación por los daños en el casco sufridos en combate.","Aumenta la integridad del casco y reduce las bajas entre la tripulación.",Aumenta la reducción de bajas de la tripulación al %s.,graphics/hullmods/blast_doors.png
Hangar Reconvertido,converted_hangar,1,,,"special, non_phase, merc, standard",Fighters,5000,,,,0,10,10,10,com.fs.starfarer.api.impl.hullmods.ConvertedHangar,<Tooltip created in script>,Bahía de cazas improvisada para naves que no son portaviones.,"Aumenta la velocidad a la que se recupera la tasa de repuesto de cazas en un %s para los cruceros y en un %s para las naves capitales. No tiene ningún efecto adicional para los destructores.",graphics/hullmods/converted_hangar.png
Bahía de Cazas Reconvertida,converted_fighterbay,0,,,"req_spaceport, special, non_phase, standard","Fighters, Logistics, Requires Dock",3000,,,,2,4,6,10,data.hullmods.ConvertedFighterBay,"Convierte las bahías de cazas de la nave en bodegas de carga improvisadas, otorgando una capacidad de carga adicional del %s y reduce la tripulación necesaria en un %s por cada bahía de cazas. La reducción de tripulantes tiene un límite máximo del %s.",Convierte las bahías de cazas integradas en bodegas de carga improvisadas.,El coste mensual de mantenimiento se reduce en un %s por cada bahía de cazas.,graphics/hullmods/converted_fighter_bay.png
Núcleo de Puntería Dedicado,dedicated_targeting_core,0,,,"offensive, merc, standard",Weapons,2500,TRUE,,,0,0,15,25,data.hullmods.DedicatedTargetingCore,"Aumenta el alcance de las armas balísticas y de energía en un %s/%s para los cruceros/naves capitales.

No se puede instalar en fragatas ni en destructores, y no es compatible con la Unidad de Puntería Integrada.

La mayoría de las naves de combate instalan una Unidad de Puntería Integrada o un Núcleo de Puntería Dedicado, salvo algunas variantes más especializadas.","Aumenta el alcance de las armas, sobre todo en naves más grandes.",Aumenta la bonificación de alcance a %s para los cruceros y a %s para las naves capitales.,graphics/hullmods/targeting_core.png
Matriz de Puntería Defensiva,defensive_targeting_array,2,,,"special, merc, standard",Fighters,3000,,,,2,4,6,10,com.fs.starfarer.api.impl.hullmods.DefensiveTargetingArray,"Los canales de comunicación estándar de los cazas se reasignan para proporcionar datos de localización de objetivos a corta distancia.

Aumenta el daño que infligen los cazas a misiles y a otros cazas en un %s, pero impide que los cazas se alejen de las proximidades de su nave.","Aumenta el daño antiaéreo de los cazas y reduce su radio de movimiento a cero.",Aumenta el alcance de las armas balísticas y de energía de los cazas de la nave en %s unidades.,graphics/hullmods/defensive_targeting_array.png
Paquete ECCM,eccm,2,,,"offensive, defensive, merc, standard",Weapons,2500,,,,5,8,15,20,data.hullmods.ECCMPackage,"Reduce en un %s la probabilidad de que los misiles lanzados por la nave se vean afectados por contramedidas electrónicas (ECM) y señuelos.

Un núcleo de CPU adjunto en cada misil aumenta la velocidad máxima del misil en un %s y su maniobrabilidad en un %s, además de mejorar significativamente el algoritmo de guía.

También reduce en un %s la disminución del alcance de las armas provocada por las contramedidas electrónicas (ECM) del enemigo.","Mejora la velocidad y el sistema de guía de los misiles, y reduce el ECM del enemigo.",Anula por completo la reducción del alcance de las armas y hace que los misiles de la nave ignoren siempre los señuelos.,graphics/hullmods/eccm_package.png
Paquete ECM,ecm,2,,,"offensive, special, merc, standard","Weapons, Support",4000,,,,6,12,18,24,com.fs.starfarer.api.impl.hullmods.ECMPackage,"Cuando se despliega en combate, otorga un índice de ECM de %s/%s/%s/%s, dependiendo del tamaño del casco de esta nave.",Aumenta el índice ECM de la nave.,,graphics/hullmods/ecm_package.png
Paquete Escolta,escort_package,1,,,"special, weapons, engines, standard","Special, Weapons, Engines",8000,,,,0,7,15,0,com.fs.starfarer.api.impl.hullmods.EscortPackage,"Cuando esta nave se encuentre a una distancia aproximada de %s su de una nave aliada de mayor tamaño, su maniobrabilidad aumenta en un %s y su velocidad máxima en un %s. Además, el alcance de las armas balísticas y de energía aumenta en un %s.

Estas bonificaciones son del %s para los destructores cuando la nave aliada cercana es una nave capital.","Maniobrabilidad y alcance de armas aumentados cerca de una nave aliada de mayor tamaño.",Destructores: reduce el daño recibido por los escudos en un %s. No tiene ningún efecto adicional para los cruceros.,graphics/hullmods/escort_package.png
Tripulación de Cubierta Expandida,expanded_deck_crew,1,,,"special, merc, standard",Fighters,4000,,,,5,10,15,25,com.fs.starfarer.api.impl.hullmods.ExpandedDeckCrew,"Reduce en un %s la velocidad a la que disminuye la tasa de repuesto de cazas debido a las bajas, y aumenta en un %s la velocidad a la que se recupera.

Aumenta en un %s la tripulación necesaria por bahía de cazas.","Mejora la tasa de repuesto de cazas y aumenta la tripulación necesaria.",,graphics/hullmods/expanded_deck_crew.png
Cargadores Expandidos,magazines,1,,,"offensive, merc, standard",Weapons,2500,,,,3,5,7,10,data.hullmods.ExpandedMagazines,Aumenta la capacidad de munición o el número de cargas de las armas balísticas y de energía en un %s.,Aumenta la munición/cargas de las armas balísticas y de energía.,Aumenta la velocidad de regeneración de munición/cargas de las armas balísticas y de energía en un %s.,graphics/hullmods/expanded_magazines2.png
Portamisiles Expandidos,missleracks,1,,,"offensive, merc, standard",Weapons,5000,,,,8,12,20,30,data.hullmods.ExpandedMissileRacks,Aumenta la capacidad de munición de las armas de misiles en un %s.,Aumenta la munición de las armas de misiles.,Reduce la cadencia de disparo de las armas de misiles en un %s.,graphics/hullmods/expanded_missile_racks.png
Escudos Extendidos,extendedshieldemitter,1,,,"shields, defensive, merc, standard",Shields,5000,,,,4,8,12,20,data.hullmods.ExtendedShieldEmitter,Aumenta el radio de cobertura del escudo en %s grados.,Aumenta el arco máximo del escudo.,Aumenta la cobertura del escudo en %s grados adicionales.,graphics/hullmods/extended_shields.png
Bobina de Flux Auxiliar,fluxcoil,0,,,"special, merc, standard",Special,4000,TRUE,,,4,8,12,20,data.hullmods.FluxCoilAdjunct,"Aumenta la capacidad de flux de la nave en %s/%s/%s/%s, dependiendo del tamaño del casco. No es tan eficiente como los capacitadores de flux — resulta más útil cuando se añade a un diseño que ya cuenta con el número máximo posible de capacitadores.",Aumenta la capacidad de flux,"Aumenta la capacidad de flux en un %s/%s/%s/%s adicional, haciendo que la bobina sea tan eficiente como si se añadieran capacitadores.",graphics/hullmods/flux_coil_adjunct.png
Distribuidor de Flux,fluxdistributor,0,,,"special, merc, standard",Special,4000,TRUE,,,4,8,12,20,data.hullmods.FluxDistributor,"Aumenta la disipación de flux de la nave en %s/%s/%s/%s, dependiendo del tamaño del casco. No es tan eficaz como los disipadores de flux — resulta más útil cuando se añade a un diseño que ya cuenta con el número máximo posible de disipadores.",Aumenta la disipación de flux,"Aumenta la disipación de flux en un %s/%s/%s/%s adicional, haciendo que el distribuidor sea tan eficaz como si se le hubieran añadido disipadores.",graphics/hullmods/flux_distributor.png
,,,,,,,,,,,,,,,,,,,
Escudos Retirados,shield_shunt,1,,,"special, shields, merc, standard","Special, Shields",3000,,,,3,5,7,10,com.fs.starfarer.api.impl.hullmods.ShieldShunt,"Retira los escudos de la nave. Los nodos emisores externos se sustituyen por un blindaje reforzado, lo que aumenta el blindaje de la nave en un %s.","Retira los escudos, aumenta el blindaje",Aumenta el blindaje de la nave en un %s adicional.,graphics/hullmods/shield_shunt.png
Generador de Escudos Improvisado,frontshield,0,,,"shields, defensive, standard",Shields,4000,,,,5,10,15,25,data.hullmods.FrontShieldGenerator,"Instala un generador improvisado de escudos ineficaz en la nave. El emisor de escudos queda fijado en una posición orientada hacia delante y tiene un arco de %s grados.

El generador de escudos obtiene gran parte de su energía de los motores y reduce la velocidad máxima de la nave en un %s.",Instala escudos básicos en una nave sin escudos. Reduce la velocidad máxima.,,graphics/hullmods/front_shield_generator.png
Autocargador de Misiles,missile_autoloader,1,,,"offensive, merc, standard",Weapons,6000,,,,8,12,20,30,com.fs.starfarer.api.impl.hullmods.MissileAutoloader,<tooltip created in the script due to sections/other complexity>,Recarga las armas de misiles en los soportes para misiles pequeños.,Aumenta el tiempo de enfriamiento tras recargar a %s segundos.,graphics/hullmods/missile_autoloader.png
Escudos Reforzados,hardenedshieldemitter,3,,,"shields, defensive, merc, standard",Shields,10000,,,,5,10,15,25,data.hullmods.HardenedShieldEmitter,Reduce el daño recibido por los escudos en un %s. También reduce la probabilidad de que los escudos sean atravesados por los arcos de pulso electromagnético (EMP) de armas como el Rayo Iónico.,Reduce el daño recibido por los escudos.,,graphics/hullmods/hardened_shields.png
Subsistemas Reforzados,hardened_subsystems,0,,,"special, merc, standard",Special,2500,TRUE,,,5,10,15,25,data.hullmods.HardenedSubsystems,"Aumenta en un %s el tiempo de máximo rendimiento de las naves cuyo rendimiento se ve mermado por un despliegue prolongado.

Además, reduce en un %s la velocidad a la que disminuye la capacidad de combate.","Aumenta el tiempo máximo y la CO se degrada más lentamente.",,graphics/hullmods/hardened_subsystems.png
Blindaje Pesado,heavyarmor,0,,,"defensive, merc, standard",Defenses,2500,,,,8,15,20,40,data.hullmods.HeavyArmor,"Aumenta el blindaje de la nave en %s/%s/%s/%s puntos, dependiendo del tamaño del casco.",Aumenta el blindaje.,Reduce la maniobrabilidad de la nave en un %s.,graphics/hullmods/heavy_armor.png
Amplificador de Alta Dispersión,high_scatter_amp,3,,,"offensive, merc, standard",Weapons,5000,,,,4,8,12,20,com.fs.starfarer.api.impl.hullmods.HighScatterAmp,<tooltip created in the script due to sections>,"Reduce alcance de rayos pero inflige más daño y aplica flux duro a escudos.",Aumenta el daño de las armas de rayos en un %s adicional.,graphics/hullmods/high_scatter_amp.png
IA Antiaérea Integrada,pointdefenseai,3,,,"defensive, merc, standard","Weapons, Defenses",10000,,,,3,6,9,15,data.hullmods.IntegratedPointDefenseAI,"Otorga a todas las armas de defensa antiaérea la capacidad de identificar —e ignorar— los señuelos de distracción. Además, todas las armas de defensa antiaérea obtienen la mejor puntería posible, independientemente de la capacidad de combate, y todo el daño infligido a los misiles se incrementa en un %s.","La defensa antiaérea ignora señuelos, mejora su puntería y aumenta el daño a misiles.","Todas las armas pequeñas que no sean de misiles ni de asalto se clasifican como «defensa antiaérea»; estas se redirigen automáticamente hacia los misiles y se ven afectadas por los modificadores de estadísticas de la defensa antiaérea.",graphics/hullmods/integrated_point_defense_ai.png
#Point Defense Integration,pdintegration,3,,,"defensive, merc","Weapons, Defenses",10000,,,,12,15,18,24,com.fs.starfarer.api.impl.hullmods.PDIntegration,"Reduce el coste en puntos de armamento de las armas pequeñas de defensa antiaérea en un %s. La reducción del coste solo afecta a las armas que incorporan capacidad de defensa antiaérea como característica intrínseca del arma y no cuando se obtiene por otros medios, como por ejemplo a través de una modificación del casco.

Además, todas las armas de defensa antiaérea infligen un %s más de daño a todos los objetivos.","Reduce el coste en puntos de armamento de las armas de defensa antiaéreas pequeñas y aumenta el daño de la defensa antiaérea.",,graphics/hullmods/integrated_point_defense_ai.png
Unidad de Puntería Integrada,targetingunit,3,,,"offensive, merc, standard",Weapons,10000,,,,4,8,15,25,data.hullmods.IntegratedTargetingUnit,"Aumenta el alcance de las armas balísticas y de energía en %s/%s/%s/%s, dependiendo del tamaño del casco. No es compatible con el Núcleo de Puntería Dedicado.

La mayoría de las naves de combate instalan una Unidad de Puntería Integrada o un Núcleo de Puntería Dedicado, salvo algunas variantes más especializadas.","Aumenta el alcance de las armas, sobre todo en naves más grandes.",,graphics/hullmods/integrated_targeting_unit.png
Relé de Navegación,nav_relay,2,,,"engines, special, merc, standard","Engines, Support",5000,,,,10,15,20,25,com.fs.starfarer.api.impl.hullmods.NavRelay,"Cuando se despliega en combate, aumenta el índice de navegación de tu flota en %s/%s/%s/%s, dependiendo del tamaño del casco de esta nave.

El índice de navegación total de tu flota aumenta la velocidad máxima de tus naves desplegadas.",Aumenta la velocidad máxima de las naves desplegadas.,,graphics/hullmods/nav_relay.png
Interfaz Neuronal,neural_interface,3,,,"special, no_drop, no_drop_salvage",Special,10000,,,,3,6,9,15,com.fs.starfarer.api.impl.hullmods.NeuralInterface,"Enlaza la nave insignia con otra nave, permitiendo que ambas naves se %s al mismo tiempo. Al igual que con el «comando de transferencia», algunos efectos de habilidades —como los que aumentan la capacidad de munición o capacidad de combate— no se aplican a la otra nave.

También permite cambiar rápidamente entre las naves enlazadas sin necesidad de utilizar una cápsula de transporte. La transferencia es instantánea si los puntos de despliegue combinados de las naves son %s o menos. La nave de destino no debe estar bajo el mando de un oficial ni de un núcleo de IA.","Permite trasladarse de nave, restablece el enfriamiento del sistema y añade una carga.","Los traslados desde el barco son siempre inmediatos, independientemente del total de puntos de despliegue.",graphics/hullmods/neural_interface.png
Integrador Neuronal,neural_integrator,,,,"special, no_drop, no_drop_salvage",Special,10000,,,,3,6,9,15,com.fs.starfarer.api.impl.hullmods.NeuralIntegrator,"Una versión mejorada de la interfaz neuronal que funciona con naves automatizadas, ya que permite el control directo de todos los sistemas de la nave a través del enlace y permite que ambas naves se %s al mismo tiempo. Al igual que con el «comando de transferencia», algunos efectos de habilidades —como los que aumentan la capacidad de munición o la capacidad de combate— no se aplican a la otra nave.

También permite cambiar rápidamente entre las naves enlazadas sin necesidad de utilizar una cápsula de transporte. La transferencia es instantánea si los puntos de despliegue combinados de las naves son %s o menos. La nave de destino no debe estar bajo el mando de un oficial ni de un núcleo de IA.

La complejidad de las modificaciones aumenta los puntos de despliegue de la nave y el coste de suministros para recuperarse del despliegue en un %s.",Interfaz neuronal especializada para naves automatizadas.,"Los traslados desde el barco son siempre inmediatos, independientemente del total de puntos de despliegue.",graphics/hullmods/neural_integrator.png
Convertidor de Escudos - Frontal,frontemitter,2,,,"shields, defensive, merc, standard",Shields,7000,,,,3,5,8,12,data.hullmods.FrontShieldEmitter,"Fija el emisor de escudo omnidireccional de la nave a una posición frontal y amplía su arco en un %s. Al igual que con todos los emisores frontales, el escudo se desplegará el doble de rápido.","Convierte el escudo omnidireccional en uno frontal y amplía su arco.",Reduce el daño recibido por los escudos en un %s.,graphics/hullmods/front_shield_emitter.png
Convertidor de Escudos - Omni,adaptiveshields,3,,,"shields, defensive, merc, standard",Shields,7000,,,,3,5,8,12,data.hullmods.OmniShieldEmitter,Convierte los escudos frontales en omnidireccionales. Reduce el arco de cobertura del escudo en un %s.,"Convierte el escudo frontal en omnidireccional y reduce el arco.",Anula la penalización de arco del escudo.,graphics/hullmods/omni_shield_emitter_mod.png
Centro de Operaciones,operations_center,1,,,special,Special,5000,,,,30,30,30,30,com.fs.starfarer.api.impl.hullmods.OperationsCenter,Aumenta la velocidad de recuperación de puntos de mando en un %s cuando se instala en la nave insignia.,Aumenta la velocidad de recuperación de puntos de mando en la nave insignia.,,graphics/hullmods/operations_center.png
Ancla Phase,phase_anchor,3,,,"phase, merc, no_build_in, standard, phase_brawler",Phase,7000,,,,10,20,30,50,com.fs.starfarer.api.impl.hullmods.PhaseAnchor,"Reduce el coste de activación del camuflaje phase a %s. Aumenta la disipación de flux blando y la velocidad de recarga de las armas en un %s mientras se encuentra en phase.

Al sufrir un daño crítico que, de otro modo, destruiría o inutilizaría la nave, esta puede iniciar una inmersión de emergencia en las profundidades del espacio-p. La nave se considera retirada y emergerá al espacio normal cuando termine el combate, sufriendo una penalización adicional a su capacidad de combate igual al %s de su coste de despliegue. La nave debe tener suficiente capacidad de combate para cubrir este coste y poder iniciar la inmersión.

Debido a las inmensas distorsiones en el espacio-p causadas por dicha maniobra, solo una nave por batalla —independientemente del bando al que pertenezca— es capaz de realizarla.","Aumenta la disipación de flux y la recarga de armas en phase; maniobra de emergencia.",,graphics/hullmods/phase_anchor.png
Lanzaderas de Recuperación,recovery_shuttles,1,,,"special, standard",Fighters,4000,,,,3,6,9,15,com.fs.starfarer.api.impl.hullmods.RecoveryShuttles,Reduce las bajas sufridas por los pilotos de cazas en un %s..,Reduce las pérdidas de pilotos de cazas.,Aumenta la reducción de bajas de los pilotos de cazas al %s.,graphics/hullmods/recovery_shuttles.png
Tabiques Reforzados,reinforcedhull,0,,,"defensive, merc, standard",Defenses,2500,TRUE,,,5,10,15,30,data.hullmods.ReinforcedBulkheads,"Aumenta la integridad del casco de la nave en un %s. Si es derrotada, la nave no se hará pedazos y casi siempre podrá recuperarse tras la batalla.",Aumenta la integridad del casco; la nave casi siempre es recuperable en caso de pérdida.,,graphics/hullmods/reinforced_bulkheads.png
Conductos de Flux Resistentes,fluxbreakers,2,,,"defensive, merc, standard","Special, Defenses",7000,,,,3,6,9,15,data.hullmods.FluxBreakers,"Reduce el daño EMP recibido de armas como los Cañones de Iones en un %s. Además, aumenta la tasa de disipación de flux de la nave durante la ventilación en un %s.","Reduce el daño EMP recibido y mejora la velocidad de ventilación.",Aumenta la tasa de disipación de flux durante la ventilación en un %s adicional.,graphics/hullmods/resistant_flux_conduits.png
Anulaciones de Seguridad,safetyoverrides,0,,,"special, engines, offensive, merc, no_build_in, standard","Special, Engines",2500,TRUE,,,15,30,45,70,data.hullmods.SafetyOverrides,"Desactivar los protocolos de seguridad aumenta la velocidad máxima de la nave en combate en un %s/%s/%s (dependiendo del tamaño de la nave, con el correspondiente aumento de la aceleración) y permite que el boost del motor en 0-flux haga efecto independientemente del nivel de flux. La tasa de disipación de flux, incluida la de los disipadores de ventilación adicionales, se incrementa en un factor de %s.

Reduce el tiempo de máximo rendimiento en un factor de %s, impide el uso de ventilación activa y reduce drásticamente el alcance de las armas más allá de %s unidades.

No se puede instalar en naves civiles ni en naves capitales.",Mejora drástica del rendimiento y reducción considerable del tiempo de rendimiento.,,graphics/hullmods/safety_overrides.png
,,,,,,,,,,,,,,,,,,,
Escudos Estabilizados,stabilizedshieldemitter,1,,,"shields, defensive, merc, standard",Shields,5000,,,,3,6,9,15,data.hullmods.StabilizedShieldEmitter,Reduce en un %s la cantidad de flux blando que generan los escudos activados por segundo. No afecta al flux duro generado cuando los escudos reciben daño.,Reduce el coste en flux de mantener los escudos activados.,Convierte el %s del daño de flux duro recibido por los escudos en daño de flux blando.,graphics/hullmods/stabilized_shields.png
,,,,,,,,,,,,,,,,,,,
Inyector Inestable,unstable_injector,0,,,"engines, merc, standard",Engines,2500,TRUE,,,5,10,15,25,data.hullmods.UnstableInjector,"Aumenta la velocidad máxima de la nave en combate en %s/%s/%s/%s su por segundo, dependiendo del tamaño del casco.

Interfiere en el sistema de puntería de las armas y en otros sistemas vulnerables, reduciendo el alcance de las armas que no son misiles en %s y aumentando el tiempo de repuesto de los cazas en %s.",Aumenta la velocidad y reduce el alcance de las armas.,,graphics/hullmods/unstable_injector.png
,,,,,,,,,,,,,,,,,,,
,,,,,,,,,,,,,,,,,,,
,,,,,,,,,,,,,,,,,,,
,,,,,,,,,,,,,,,,,,,
Camarotes Adicionales,additional_berthing,0,,,"req_spaceport, merc, standard","Logistics, Requires Dock",3000,TRUE,,,5,10,15,25,com.fs.starfarer.api.impl.hullmods.AdditionalBerthing,"Aumenta la capacidad máxima de tripulación en %s/%s/%s/%s, dependiendo del tamaño del casco, o en %s, lo que sea mayor.

En el caso de los cascos civiles, también aumenta el consumo de suministros para el mantenimiento en %s.",Aumenta la capacidad de tripulación.,"Duplica el aumento de la capacidad de tripulación y, en el caso de los cascos civiles, anula el aumento del coste de mantenimiento.",graphics/hullmods/berthing.png
Campo de Propulsión Aumentado,augmentedengines,1,,,"req_spaceport, merc, standard","Logistics, Requires Dock",8000,,,,8,16,24,40,data.hullmods.AugmentedEngines,Aumenta el nivel máximo de propulsión en %s.,Aumenta el nivel máximo de propulsión.,Aumenta el nivel máximo de propulsión en %s adicional.,graphics/hullmods/augmented_drive_field2.png
Tanques de Combustible Auxiliares,auxiliary_fuel_tanks,0,,,"req_spaceport, merc, standard","Logistics, Requires Dock",4000,TRUE,,,5,10,15,25,com.fs.starfarer.api.impl.hullmods.AuxiliaryFuelTanks,"Aumenta la capacidad máxima de combustible en %s/%s/%s/%s, dependiendo del tamaño del casco, o en %s, lo que sea mayor.

En el caso de los cascos civiles, también aumenta el consumo de suministros para el mantenimiento en %s.",Aumenta la capacidad de combustible.,"Duplica el aumento de la capacidad de combustible y, en el caso de los cascos civiles, anula el aumento del coste de mantenimiento.",graphics/hullmods/fuel_tanks.png
Revisiones de Eficiencia,efficiency_overhaul,0,,,"req_spaceport, merc, standard","Logistics, Requires Dock",4000,,,,3,6,9,15,com.fs.starfarer.api.impl.hullmods.EfficiencyOverhaul,"Reduce el consumo de suministros para el mantenimiento, el consumo de combustible y la tripulación mínima necesaria en un %s.

Aumenta las tasas de recuperación de la capacidad de combate y de la reparación en un %s. El consumo diario de suministros para la recuperación de la capacidad de combate aumenta para compensar el incremento de la tasa de recuperación, pero el coste total de suministros sigue siendo el mismo.",Reduce los costes de mantenimiento y permite realizar más despliegues.,"Reduce los costes de mantenimiento, el consumo de combustible y la tripulación mínima necesaria en un %s adicional.",graphics/hullmods/efficiency.png
Bodegas de Carga Ampliadas,expanded_cargo_holds,0,,,"req_spaceport, merc, standard","Logistics, Requires Dock",4000,TRUE,,,5,10,15,25,com.fs.starfarer.api.impl.hullmods.ExpandedCargoHolds,"Aumenta la capacidad máxima de carga en %s/%s/%s/%s, dependiendo del tamaño del casco, o en %s, lo que sea mayor.

En el caso de los cascos civiles, también aumenta el consumo de suministros para el mantenimiento en %s.",Aumenta la capacidad de carga.,"Duplica el aumento de la capacidad de carga y, en el caso de los cascos civiles, anula el aumento del coste de mantenimiento.",graphics/hullmods/expanded_cargo.png
Sensores de Alta Resolución,hiressensors,2,,,"req_spaceport, merc, standard","Logistics, Requires Dock",9000,,,,4,6,9,15,com.fs.starfarer.api.impl.hullmods.HighResSensors,<Tooltip created in script>,Aumenta el alcance de los sensores de la flota.,"Aumenta el alcance de visión en combate de la nave en %s/%s/%s/%s, dependiendo del tamaño del casco.",graphics/hullmods/high_res_sensors.png
Ensamblado de Motores Aislados,insulatedengine,0,,,"engines, defensive, req_spaceport, merc, standard","Engines, Logistics, Defenses, Requires Dock",2500,,,,3,6,9,15,data.hullmods.InsulatedEngines,"Aumenta la durabilidad de los motores de la nave en un %s y la integridad del casco de la nave en un %s.

Además, el perfil de los sensores de la nave se reduce en un %s.","Hace que los motores sean más difíciles de inutilizar y reduce el perfil de los sensores.","Aumenta la durabilidad del motor en un %s adicional y reduce el perfil de los sensores en un %s.",graphics/hullmods/insulated_engine_assembly.png
Subsistemas Militarizados,militarized_subsystems,0,,,"req_spaceport, merc, standard","Special, Logistics, Requires Dock",6000,TRUE,,,4,8,12,20,com.fs.starfarer.api.impl.hullmods.MilitarizedSubsystems,"Elimina las penalizaciones de un casco civil y aumenta el nivel máximo de propulsión en %s.

Aumenta la tripulación mínima necesaria en un %s.","Elimina las penalizaciones a los sensores, aumenta el nivel máximo de propulsión y aumenta el número de tripulación mínima necesaria.",Anula el aumento de los requisitos de tripulación.,graphics/hullmods/militarized_subsystems.png
Blindaje Solar,solar_shielding,2,,,"defensive, req_spaceport, merc, standard","Defenses, Logistics, Requires Dock",5000,,,,3,6,9,15,data.hullmods.SolarShielding,"Desarrollado originalmente por los ingenieros del Diktat tras pasar mucho tiempo lidiando con las condiciones únicas del interior del sistema de Askonia. Reduce en un %s el efecto que tienen las coronas solares sobre la capacidad de combate; también incluye a las tormentas del hiperespacio profundo.

En combate, reduce el daño de energía recibido en un %s.",Reduce el efecto de estar bajo las coronas solares y el daño de energía recibido.,Aumenta la protección contra las coronas solares y riesgos similares al %s.,graphics/hullmods/solar_shielding2.png
Equipamiento de Sondeo,surveying_equipment,1,,,"special, req_spaceport, standard","Logistics, Requires Dock",5000,,,,5,10,15,25,data.hullmods.SurveyingEquipment,"Reduce la maquinaria pesada y los suministros necesarios para realizar sondeos en un %s/%s/%s/%s, dependiendo del tamaño del casco, hasta un mínimo de %s por cada uno.",Reduce los recursos necesarios para los sondeos.,Aumenta la reducción del coste de los sondeos en un %s.,graphics/hullmods/surveying_equipment.png
,,,,,,,,,,,,,,,,,,,
,,,,,,,,,,,,,,,,,,,
Núcleo Terminator,terminator_core,,,,,Weapons,,,TRUE,,0,0,0,0,com.fs.starfarer.api.impl.hullmods.TerminatorCore,"Otorga a todas las armas de defensa antiaérea la capacidad de identificar —e ignorar— los señuelos de distracción. Además, todas las armas obtienen la mejor puntería posible, independientemente de la capacidad de combate; todo el daño infligido por misiles y cazas se incrementa en un %s, y el alcance de las armas de rayo se incrementa en %s unidades.",,,graphics/hullmods/terminator_core.png
Disipador de Flux Compartido,shared_flux_sink,,,,,,,,TRUE,,0,0,0,0,com.fs.starfarer.api.impl.hullmods.SharedFluxSink,"Gestiona el %s de la disipación de flux de todos los módulos conectados. Si se pierden módulos durante el combate, la disipación de flux adicional se redistribuye entre los módulos restantes. Hasta un %s de esta disipación adicional se aplica al flux duro.",Bonificación a la disipación de Flux/Flux duro a medida que se pierden módulos.,,graphics/hullmods/shared_flux_sink.png
Campo de Minas Sigiloso,stealth_minefield,,,,,,,,TRUE,,0,0,0,0,com.fs.starfarer.api.impl.hullmods.StealthMinefield,Las minas atacan a las naves enemigas durante la batalla.,Las minas atacan a las naves enemigas durante la batalla.,,graphics/hullmods/stealth_mines.png
Campo de Minas Sigiloso - Baja Tecnología,stealth_minefield_lt,,,,,,,,TRUE,,0,0,0,0,com.fs.starfarer.api.impl.hullmods.StealthMinefieldLT,Las minas atacan a las naves enemigas durante la batalla.,Las minas atacan a las naves enemigas durante la batalla.,,graphics/hullmods/stealth_mines.png
Cubierta B,bdeck,,,,,,,,TRUE,,0,0,0,0,com.fs.starfarer.api.impl.hullmods.BDeck,"Una vez por combate, cuando la tasa de repuesto de cazas alcanza el %s, las plataformas de despegue de cazas pasan a operar desde una «cubierta B».

Se despliegan cazas de reserva para restablecer rápidamente la plena capacidad de las escuadras, y la tasa de repuesto de cazas se fija en %s.",Lanza un escuadrón nuevo una vez por combate y repone la tasa de repuesto.,,graphics/hullmods/bdeck.png
Almacén de Chasis de Cazas,chassis_storage,,,,,,,,TRUE,,0,0,0,0,com.fs.starfarer.api.impl.hullmods.FighterChassisStorage,La tasa de respuesto de cazas no disminuye cuando se pierden cazas.,La tasa de repuesto de cazas no disminuye.,,graphics/hullmods/expanded_deck_crew.png
Escudos Siempre Activos,shield_always_on,,,,,,,,TRUE,TRUE,0,0,0,0,com.fs.starfarer.api.impl.hullmods.ShieldAlwaysOn,,"Fuerza a los escudos a permanecer activos. Oculto, no necesita descripción ni icono.",,graphics/hullmods/hardened_shields.png
Autoforja de Misiles,missile_reload,,,,codex_require_related,,,,TRUE,,0,0,0,0,com.fs.starfarer.api.impl.hullmods.PeriodicMissileReload,Una autoforga en el interior de la nave recarga periódicamente por completo los cargadores de todas las armas de misiles.,Recarga periódicamente todas las armas de misiles.,,graphics/hullmods/expanded_missile_racks.png
Bodegas de Carga Reforzadas,shielded_holds,2,,,,,,,TRUE,,0,0,0,0,data.hullmods.ShieldedCargoHolds,"Se encuentra habitualmente en naves que no siempre pueden confiar en los escudos para proteger su carga de la radiación cósmica. Solo se necesitan unos pocos ajustes para que el blindaje confunda los escáneres de cargamento de largo alcance, lo que reduce la probabilidad de que el contrabando sea detectado.",Aumenta las posibilidades de evitar que se detecte el contrabando.,,graphics/hullmods/shielded_cargo_hold.png
Grúa de Salvamento,repair_gantry,,,,,,,,TRUE,,0,0,0,0,com.fs.starfarer.api.impl.campaign.RepairGantry,"Aumenta los recursos obtenidos al rebuscar estaciones abandonadas, derelictos, cascos a la deriva y otros objetos similares en un %s/%s/%s/%s, dependiendo del tamaño del casco. Solo afecta a la recuperación de recursos comunes como combustible y suministros, y no a objetos raros como planos. Además, el %s de la bonificación se aplica al salvamento posterior a la batalla.",Aumenta los recursos obtenidos del salvamento.,,graphics/hullmods/repair_gantry.png
Campo Phase,phasefield,,,,,,,,TRUE,,0,0,0,0,com.fs.starfarer.api.impl.hullmods.PhaseField,"La nave es capaz de mantener un campo phase de baja intensidad durante largos periodos de tiempo, lo que reduce su perfil de detección efectivo en un %s.",Reduce el perfil de los sensores en toda la flota.,,graphics/hullmods/phase_field.png
Derivación de Flux,fluxshunt,,,,,,,,TRUE,,0,0,0,0,data.hullmods.FluxShunt,Permite que la nave disipe flux duro a un %s de la velocidad normal mientras los escudos están activados.,Permite la disipación de flux duro mientras los escudos están activados.,,graphics/hullmods/flux_shunt.png
Casco de Grado Civil,civgrade,,,,,,,,TRUE,,0,0,0,0,data.hullmods.CivGrade,Aumenta el perfil de los sensores en un %s. Reduce la potencia del sensor en un %s.,"Aumenta el perfil de los sensores y reduce su potencia.",,graphics/hullmods/civilian_grade.png
Alto Mantenimiento,high_maintenance,,,,,,,,TRUE,,0,0,0,0,data.hullmods.HighMaintenance,Aumenta el coste mensual de suministros para el mantenimiento en un %s.,Aumenta el coste de mantenimiento.,,graphics/hullmods/high_maintenance.png
Cohesor de Rayos Energéticos,coherer,,,,,,,,TRUE,,0,0,0,0,com.fs.starfarer.api.impl.hullmods.EnergyBoltCoherer,<tooltip created in the script>,Aumenta el alcance base de las armas de energía que no emiten rayos.,,graphics/hullmods/coherer.png
Compromisos de Diseño,design_compromises,,,,,,,,TRUE,,0,0,0,0,com.fs.starfarer.api.impl.hullmods.DesignCompromises,"El rendimiento de la nave se ve afectado por prioridades de diseño conflictivas, ya que se han integrado múltiples proyectos de última generación demasiado tarde en el ciclo de diseño.

La disipación y capacidad de flux de la nave, incluso los valores base nominales, se reducen en un %s.

El alcance de las armas balísticas se reduce en un %s, la cadencia de fuego de las armas de misiles se reduce en un %s y la generación de flux de las armas de energía aumenta en un %s.

En el lado positivo, se puede poner en funcionamiento más capacidad adicional de nanoforja, lo que permite la instalación de un %s a pesar de que la nave ya cuenta con una bahía de cazas, aumentando el número de bahías de cazas operativas a %s.","Reduce el alcance de los misiles y las armas balísticas, así como la disipación y capacidad de flux.",,graphics/hullmods/design_compromises.png
,,,,,,,,,,,,,,,,,,,
,,,,,,,,,,,,,,,,,,,
,,,,,,,,,,,,,,,,,,,
Cable Monofilamento de Remolque,tow_cable,,,,hide_in_codex,,,,TRUE,,0,0,0,0,com.fs.starfarer.api.impl.campaign.TowCable,"Aumenta en 1 el nivel de propulsión máximo de la nave más lenta de la flota. No se pueden utilizar múltiples para acelerar la misma nave en más de 1.

No se puede utilizar en combate.",Aumenta el nivel de propulsión de otra nave.,,graphics/hullmods/monofilament_cable.png
Estabilizador del Campo de Propulsión,drive_field_stabilizer,,,,,,,,TRUE,,0,0,0,0,com.fs.starfarer.api.impl.hullmods.DriveFieldStabilizer,"Estabiliza el campo de propulsión de la flota, aumentando la propulsión máxima de la flota en un %s. El efecto de varios estabilizadores es acumulativo.

Aumenta el perfil de los sensores de la nave en un %s.",Reduce el consumo de combustible de la flota.,,graphics/hullmods/augmented_drive_field.png
Paquete de Apoyo Terrestre,ground_support,,,,,,,,TRUE,,0,0,0,0,com.fs.starfarer.api.impl.hullmods.GroundSupport,"Armas de apoyo cercano y contramedidas para las defensas terrestres. Aumenta la potencia efectiva de los asaltos planetarios en un %s, hasta alcanzar el número total de marines de la flota.",Mejora la eficacia de los asaltos.,,graphics/hullmods/ground_support.png
Apoyo Terrestre Avanzado,advanced_ground_support,,,,,,,,TRUE,,0,0,0,0,com.fs.starfarer.api.impl.hullmods.AdvancedGroundSupport,"Armas de apoyo cercano y contramedidas para las defensas terrestres. Aumenta la potencia efectiva de los asaltos planetarios en un %s, hasta alcanzar el número total de marines de la flota.",Mejora la eficacia de los asaltos.,,graphics/hullmods/ground_support_adv.png
Maquinaria Delicada,delicate,,,,,,,,TRUE,,0,0,0,0,data.hullmods.DelicateMachinery,"Los sistemas de la nave requieren un mantenimiento excesivo y no resisten bien las duras condiciones de los combates prolongados.

Aumenta en un %s la velocidad de deterioro de la CO en combate una vez que se agota el tiempo de máximo rendimiento.",Aumenta la tasa de deterioro de CO una vez transcurrido el tiempo de máximo rendimiento.,,graphics/hullmods/delicate_machinery.png
Integración Balística Pesada,hbi,,,,,,,,TRUE,,0,0,0,0,com.fs.starfarer.api.impl.hullmods.HeavyBallisticsIntegration,Reduce el coste en puntos de armanento de las armas balísticas grandes en un %s.,Reduce el coste en puntos de armanento de las armas balísticas grandes.,,graphics/hullmods/ballistics_integration.png
Hangar Inmenso,vast_hangar,,,,,,,,TRUE,,0,0,0,0,com.fs.starfarer.api.impl.hullmods.VastHangar,"La nave cuenta con un hangar enorme y la correspondiente pequeña flota de naves de apoyo.

El número de bahías de cazas añadidas por el Hangar Reconvertido aumenta en %s, y su rendimiento es equivalente al de una bahía de cazas dedicada - se anulan todas las penalizaciones y modificadores, incluidas las que afectan al coste de despliegue de la nave.",Aumenta el efecto del Hangar Reconvertido y elimina sus penalizaciones.,,graphics/hullmods/vast_hangar.png
Construcción Robusta,rugged,,,,,,,,TRUE,,0,0,0,0,com.fs.starfarer.api.impl.hullmods.RuggedConstruction,"Reduce la mayoría de los efectos negativos de los daños al casco en un %s. Si queda inutilizada o es destruida en combate, la nave tiene un %s de probabilidad de evitar nuevos daños al casco, y casi siempre se puede recuperar tras la batalla.

Además, el coste de suministros para recuperarla tras su despliegue —y para realizar reparaciones si la nave queda inutilizada— se reduce en un %s.",Reduce el impacto de los daños al casco; la nave casi siempre se puede recuperar si se pierde.,,graphics/hullmods/rugged_construction.png
Nave Automatizada,automated,,,,codex_require_related,,,,TRUE,,0,0,0,0,com.fs.starfarer.api.impl.hullmods.Automated,"Esta nave está totalmente automatizada y no necesita —ni puede llevar a bordo— tripulación humana alguna.",No requiere tripulación ni puede llevarla a bordo.,,graphics/hullmods/automated.png
Núcleo de Puntería Avanzado,advancedcore,,,,,,,,TRUE,,0,0,0,0,data.hullmods.AdvancedTargetingCore,"Aumenta el alcance de las armas balísticas y de energía en un %s. El alcance de las armas de defensa antiaérea solo se incrementa en un %s.

Impide la instalación de un Núcleo de Puntería Dedicado o de una Unidad de Puntería Integrada.",Aumenta considerablemente el alcance de las armas que no son misiles.,,graphics/hullmods/advanced_targeting_core.png
Superordenador de Puntería,supercomputer,,,,,,,,TRUE,,0,0,0,0,data.hullmods.TargetingSupercomputer,"Aumenta el alcance de las armas balísticas y de energía en un %s. El alcance de las armas de defensa antiaérea solo se incrementa en un %s.

Además, mejora la puntería del arma y aumenta considerablemente el alcance de los sensores en combate.",Aumenta considerablemente el alcance de las armas que no son misiles.,,graphics/hullmods/targeting_supercomputer.png
Bobinas Phase Experimentales,ex_phase_coils,,,,codex_require_related,,,,TRUE,,0,0,0,0,com.fs.starfarer.api.impl.hullmods.ExperimentalPhaseCoils,Reduce el tiempo de enfriamiento del camuflaje phase en un %s.,Reduce considerablemente el tiempo de enfriamiento del camuflaje phase.,,graphics/hullmods/phase_coils_experimental.png
Atractor de Alta Frecuencia,high_frequency_attractor,,,,codex_require_related,,,,TRUE,,0,0,0,0,com.fs.starfarer.api.combat.BaseHullMod,Una modificación experimental que permite que las partículas de alta frecuencia sean atraídas por el núcleo de fisura a bordo de la nave.,Lanza partículas de alta frecuencia más poderosas.,,graphics/hullmods/high_volition_attractor.png
Blindaje Ablativo,ablative_armor,,,,,,,,TRUE,,0,0,0,0,com.fs.starfarer.api.impl.hullmods.AblativeArmor,"Un diseño antiguo destinado a detener los micrometeoritos gracias al enorme volumen de material utilizado, anterior a la aparición del blindaje «espaciado».

Reduce la resistencia efectiva del blindaje para el cálculo de reducción de daño al %s de su valor real. Sin embargo, las naves de este diseño suelen llevar un blindaje extremadamente pesado.",Reduce la reducción de daño del blindaje.,,graphics/hullmods/ablative_armor.png
Control de Fuego Distribuído,distributed_fire_control,,,,,,,,TRUE,,0,0,0,0,com.fs.starfarer.api.impl.hullmods.DistributedFireControl,"Gran parte de los daños que inutilizan las armas afectan a los circuitos de control externos y a los conductos de alimentación. Las armas de esta nave están diseñadas para funcionar de forma más independiente, lo que reduce su vulnerabilidad a los daños en un %s y disminuye el daño EMP que sufre la nave en su conjunto en un %s.",Aumenta la durabilidad de las armas y reduce el daño EMP recibido.,,graphics/hullmods/distributed_fire_control2.png
Bodega Reconvertida,converted_bay,1,,,,,,,TRUE,,0,0,0,0,data.hullmods.ConvertedCargoBay,"La bodega de carga de esta nave se ha reconvertido para albergar dos bahías de cazas. La fábrica improvisada que produce los chasis de cazas es poco fiable, y la mayoría de los componentes presentan defectos menores. La velocidad de los cazas se reduce en un %s y el daño recibido aumenta en un %s.",Par de bahías de cazas improvisadas.,,graphics/hullmods/converted_hangar.png
Modificaciones Especiales,andrada_mods,,,,"dmod, codex_require_related",,,,TRUE,,0,0,0,0,com.fs.starfarer.api.impl.hullmods.AndradaMods,"Durante una inspección de un prototipo inicial, se escuchó al Ejecutor Supremo hacer comentarios desfavorables sobre los conductos expuestos que discurrían por los pasillos de la nave y sobre el peligro que estos debían suponer para la valiente y leal tripulación en combate. 

El nuevo jefe de diseño, un oficial leal nombrado por el propio Ejecutor Supremo, ordenó a los forjadores-programadores que realizaran las adaptaciones necesarias para la instalación de paneles aislantes especiales a prueba de explosiones fabricados por la propia Sindria.

Aunque los pasillos sean un poco más estrechos, los conductos propensos al sobrecalentamiento y los paneles incrustados algo difíciles de acceder, los informes oficiales de preparación no incluyen ninguna crítica a los cambios. Todo el mundo está de acuerdo, tanto en público como —según el Ministerio de Seguridad Interna— en privado, que la imponente grandeza de la flota de la Guardia del León es impresionante.

Las bajas de la tripulación en combate aumentan en un %s. La disipación base de flux se reduce en un %s, y la velocidad de reparación de armas y motores averiados se reduce en un %s.",Reduce el rendimiento de la nave.,,graphics/hullmods/special_modifications.png
Masa Inmensa,vastbulk,,,,,,,,TRUE,,0,0,0,0,data.hullmods.VastBulk,"El cuerpo principal de esta estructura es enorme y, a efectos prácticos, es capaz de absorber cualquier cantidad de daño infligido por armas convencionales sin resultar destruido.",,,graphics/hullmods/vast_bulk.png
Rotación Axial,axialrotation,,,,,,,,TRUE,,0,0,0,0,data.hullmods.AxialRotation,Esta estructura rota constantemente sobre su eje.,,,graphics/hullmods/axial_rotation.png
Rotación de Ancla,anchorrotation,,,,,,,,TRUE,TRUE,0,0,0,0,data.hullmods.AnchorRotation,Esta estructura rota alrededor de su punto de anclaje. Solo para módulos de estación.,,,graphics/hullmods/axial_rotation.png
Explosión Reducida,reduced_explosion,,,,,,,,TRUE,TRUE,0,0,0,0,data.hullmods.ReducedExplosion,Radio de explosión y daño reducidos.,,,graphics/hullmods/reduced_explosion.png
Siempre se Desprende,always_detaches,,,,,,,,TRUE,TRUE,0,0,0,0,data.hullmods.AlwaysDetaches,Siempre se separa de la estructura principal cuando se destruye.,,,graphics/hullmods/detach_always.png
Nunca se Desprende,never_detaches,,,,,,,,TRUE,TRUE,0,0,0,0,data.hullmods.NeverDetaches,Nunca se separa de la estructura principal cuando se destruye.,,,graphics/hullmods/detach_never.png
Sin Flux de Armas,no_weapon_flux,,,,,,,,TRUE,TRUE,0,0,0,0,data.hullmods.NoWeaponFlux,El disparo de armas no consume flux. Se utiliza en cazas para controlar con precisión los puntos de vida efectivos del escudo.,,,
No Disparar a Través,do_not_fire_through,,,,,,,,TRUE,TRUE,0,0,0,0,data.hullmods.DoNotFireThrough,"Las armas de otros módulos de una estación evitarán disparar a través de este módulo, aunque los disparos lo sobrepasen y no lo alcancen.",,,
Generador de Fragmentos,shard_spawner,,,,,,,,TRUE,TRUE,0,0,0,0,com.fs.starfarer.api.impl.hullmods.ShardSpawner,Genera fragmentos de nave cuando la nave se desactiva o se destruye.,,,
No Retroceder,do_not_back_off,,,,,,,,TRUE,TRUE,0,0,0,0,com.fs.starfarer.api.impl.hullmods.DoNotBackOff,Activa la bandera IA DO_NOT_BACK_OFF,,,
,,,,,,,,,,,,,,,,,,,
,,,,,,,,,,,,,,,,,,,
Casco de la Amenaza,threat_hullmod,,,,"codex_require_related, threat",,,,TRUE,,0,0,0,0,com.fs.starfarer.api.impl.combat.threat.ThreatHullmod,Modificación del casco oculta para gestionar las propiedades especiales de las naves de la Amenaza. Descripción creada en el script.,,,graphics/hullmods/the_threat.png
Enjambre de Fragmentos,fragment_swarm,,,,"codex_unlockable, fragment, no_drop_salvage","Weapons, Special",30000,,,,6,12,18,30,com.fs.starfarer.api.impl.combat.threat.FragmentSwarmHullmod,"Un enjambre de fragmentos de la Amenaza se arremolina alrededor de la nave, proporcionando un suministro renovado de fragmentos para las armas basadas en fragmentos.

El número base de fragmentos es de %s/%s/%s/%s, y se lanzan fragmentos de repuesto %s/%s/%s/%s veces por segundo, dependiendo del tamaño del casco.

Esta modificación del casco es necesaria para que las armas de fragmentos funcionen; si la modificación no está presente o no hay suficientes fragmentos en el enjambre, las armas de fragmentos quedarán desactivadas.",Una enjambre de fragmentos de la Amenaza se arremolina alrededor de la nave.,Reduce la capacidad de combate en un %s y aumenta el coste de mantenimiento en un %s.,graphics/hullmods/fragment_swarm.png
Fabricador Secundario,secondary_fabricator,,,,"codex_unlockable, fragment, no_drop_salvage","Weapons, Special",20000,,,,3,6,9,15,com.fs.starfarer.api.impl.combat.threat.SecondaryFabricatorHullmod,Aumenta la velocidad a la que se lanzan los fragmentos de repuesto en un %s.,Aumenta la tasa de repuesto de fragmentos.,Aumenta la tasa de repuesto de fragmentos en un %s adicional.,graphics/hullmods/secondary_fabricator.png
Coordinador de Fragmentos,fragment_coordinator,,,,"codex_unlockable, fragment, no_drop_salvage","Weapons, Special",15000,,,,3,6,9,15,com.fs.starfarer.api.impl.combat.threat.FragmentCoordinatorHullmod,Aumenta el número máximo de fragmentos en el enjambre de fragmentos de la nave en un %s.,Aumenta el tamaño del enjambre de fragmentos que rodea la nave.,Aumenta el tamaño del enjambre de fragmentos en un %s adicional.,graphics/hullmods/fragment_coordinator.png
,,,,,,,,,,,,,,,,,,,
,,,,,,,,,,,,,,,,,,,
Casco del Malevo,dweller_hullmod,,,,dweller,,,,TRUE,TRUE,0,0,0,0,com.fs.starfarer.api.impl.combat.dweller.DwellerHullmod,Añade los elementos visuales del Malevo Envuelto y cualquier mecánica personalizada. No es visible para el jugador.,,,
Manto Envuelto,shrouded_mantle,,,,"codex_unlockable, shrouded, no_drop_salvage",Special,,,,,3,6,9,15,com.fs.starfarer.api.impl.combat.dweller.ShroudedMantleHullmod,"La nave intentará (con suerte) alejarse del peligro cuando sufra daños importantes en el casco.

Las bajas entre la tripulación en combate aumentan en un %s.",La nave se aleja para evitar los daños.,La nave se beneficia del %s de la curación proporcionada por Fisura Voraz.,graphics/hullmods/shrouded_mantle.png
Nube de Tormenta Envuelta,shrouded_thunderhead,,,,"codex_unlockable, shrouded, no_drop_salvage","Weapons, Special",,,,,5,10,15,25,com.fs.starfarer.api.impl.combat.dweller.ShroudedThunderheadHullmod,<created by script>,La nave dispara Rayos Fisura hacia objetivos recientes de sus armas.,,graphics/hullmods/shrouded_thunderhead.png
Lente Envuelta,shrouded_lens,,,,"codex_unlockable, shrouded, no_drop_salvage",Special,,,,,3,6,9,15,com.fs.starfarer.api.impl.combat.dweller.ShroudedLensHullmod,<created by script>,"La Lente enfoca automáticamente los objetivos cercanos e inflige daño en un área.",,graphics/hullmods/shrouded_lens.png
,,,,,,,,,,,,,,,,,,,
,,,,,,,,,,,,,,,,,,,
Grupo de Batalla XIV,fourteenth,,,,,,,,TRUE,,0,0,0,0,data.hullmods.Fourteenth,"Esta nave es una superviviente del Grupo de Combate XIV del Dominio original que fundó la Hegemonía. Constituye un ejemplo paradigmático de la doctrina de «batalla decisiva» de la Armada del Dominio, manifiesta especialmente en una serie de modificaciones estructurales radicales (llevadas a cabo con métodos industriales anteriores al Colapso) que permiten montar un blindaje más pesado mediante un aumento fijo de %s unidades estándar, con solo una reducción del %s en velocidad y maniobrabilidad. Sus sistemas de energía excepcionalmente bien ajustados aumentan el rendimiento y la capacidad de flux en un %s con respecto a los modelos estándar de este casco.",,,graphics/hullmods/fourteenth.png
Auxiliar Militarizado de la Hegemonía,heg_militarized,,,,hide_in_codex,,,,TRUE,,0,0,0,0,data.hullmods.Militarized,"Esta nave figura —o figuraba— en la lista de auxiliares de la Hegemonía. Los kits de blindaje aplicados en los astilleros navales de la Hegemonía no han supuesto ninguna pérdida de rendimiento a cambio de un aumento del %s/%s/%s/%s en la resistencia del blindaje, dependiendo del tamaño del casco. Los sistemas de energía principales se han actualizado a estándares militares, resultando en una mejora del %s en la maniobrabilidad general, un aumento del %s en la capacidad de flux, un aumento del %s en la disipación de flux y un aumento del nivel máximo de propulsión en un %s.",,,graphics/hullmods/militarized_hegemony_auxiliary.png
,,,,,,,,,,,,,,,,,,,
,,,,,,,,,,,,,,,,,,,
,,,,,,,,,,,,,,,,,,,
Blindaje Afectado,comp_armor,,,,"dmod, damage, damageStruct",,,,TRUE,,0,0,0,0,data.hullmods.CompromisedArmor,"El blindaje de esta nave ha sufrido daños graves e irreparables en algún momento del pasado, o ha sido objeto de errores graves durante el proceso de fabricación. El índice de blindaje se ha reducido en un %s.

El coste de suministros para recuperarse tras un despliegue se ha reducido en un %s.",,,graphics/hullmods/compromised_armor.png
Casco Afectado,comp_hull,,,,"dmod, damage, damageStruct",,,,TRUE,,0,0,0,0,data.hullmods.CompromisedHull,"El casco de esta nave ha sufrido daños graves e irreparables en algún momento del pasado, o ha sido objeto de errores graves durante el proceso de fabricación. La integridad del casco se ha reducido en un %s.

El coste de suministros para recuperarse tras un despliegue se ha reducido en un %s.",,,graphics/hullmods/compromised_hull.png
Motores Degradados,degraded_engines,,,,"dmod, damage",,,,TRUE,,0,0,0,0,data.hullmods.DegradedEngines,"Ya sea por daños de combate, defectos de fabricación o una falta de mantenimiento prolongada, los motores de esta nave sufren una disminución permanente de su rendimiento en combate.

La velocidad máxima y la maniobrabilidad en combate se reducen en un %s.

El coste de suministros para recuperarse tras un despliegue se reduce en un %s.",,,graphics/hullmods/degraded_engines.png
Campo de Propulsión Degradado,degraded_drive_field,,,,"dmod, damage, civOnly",,,,TRUE,,0,0,0,0,data.hullmods.DegradedDriveField,"Ya sea por daños de combate, defectos de fabricación o ciclos de mantenimiento deficiente, el campo de propulsión de esta nave sufre una pérdida permanente de rendimiento. 

El nivel máximo de propulsión se ha reducido en un %s. El perfil de los sensores se ha incrementado en un %s.

El coste de suministros para recuperarse tras el despliegue se ha reducido en un %s.",,,graphics/hullmods/degraded_drivefield.png
Red Eléctrica Defectuosa,faulty_grid,,,,"dmod, damage",,,,TRUE,,0,0,0,0,data.hullmods.FaultyPowerGrid,"Ya sea por daños de combate, defectos de fabricación o ciclos de mantenimiento deficiente, la red eléctrica de esta nave nunca podrá alcanzar su máximo rendimiento.

Capacidad de flux reducida en un %s. Tasa de disipación de flux reducida en un %s. Perfil de los sensores aumentado en un %s.

Coste de suministros para recuperarse tras el despliegue reducido en un %s.",,,graphics/hullmods/faulty_power_grid.png
Bobinas Phase Inestables,unstable_coils,,,,"dmod, phaseDamage",,,,TRUE,,0,0,0,0,data.hullmods.PhaseCoilInstability,"Las bobinas phase de esta nave son imposibles de calibrar correctamente debido a pequeños defectos. Reduce la bonificación de tiempo phase en un %s, reduce el tiempo de máximo rendimiento en un %s y aumenta la velocidad a la que se degrada la capacidad de combate en un %s.

El coste de suministros para recuperarse tras un despliegue reducido en un %s.",,,graphics/hullmods/phase_coil_instability.png
Daños Estructurales,comp_structure,,,,"dmod, damageStruct, destroyedDamageAlways",,,,TRUE,,0,0,0,0,com.fs.starfarer.api.impl.hullmods.CompromisedStructure,"Es evidente que el casco de esta nave ha sufrido daños graves en el pasado, tal vez hasta el punto de romperse. La resistencia del blindaje se ha reducido en un %s y la integridad del casco en un %s.

El coste de suministros para recuperarse tras un despliegue se ha reducido en un %s.",,,graphics/hullmods/structural_damage.png
Matriz de Sensores Defectuosa,glitched_sensors,,,,"dmod, damage",,,,TRUE,,0,0,0,0,com.fs.starfarer.api.impl.hullmods.GlitchedSensorArray,"La matriz de sensores de la nave ha sufrido daños irreparables, salvo que se realice una restauración completa del casco. El alcance de las armas en combate se ha reducido en un %s. La potencia de los sensores se ha reducido en un %s.

El coste de suministros para recuperarse tras un despliegue se ha reducido en un %s.",,,graphics/hullmods/glitched_sensor_array.png
Comunicaciones Defectuosas,malfunctioning_comms,,,,"dmod, fighterBayDamage",,,,TRUE,,0,0,0,0,com.fs.starfarer.api.impl.hullmods.MalfunctioningComms,"El sistema de comunicaciones ha sufrido graves daños, lo que hace que superar las interferencias del campo de batalla resulte aún más complicado. El alcance de combate de los cazas se ha reducido en un %s.

El coste de suministros para recuperarse tras un despliegue se ha reducido en un %s.",,,graphics/hullmods/malfunctioning_comms.png
Fabricación Defectuosa,defective_manufactory,,,,"dmod, fighterBayDamage",,,,TRUE,,0,0,0,0,com.fs.starfarer.api.impl.hullmods.DefectiveManufactory,"La fábrica que produce los chasis de cazas no es fiable, y la mayoría de los componentes presentan defectos menores. La velocidad de los cazas se reduce en un %s y el daño recibido aumenta en un %s.

El coste de suministros para recuperarse tras un despliegue se reduce en un %s.",,,graphics/hullmods/defective_manufactory.png
Cubierta de Despegue Dañada,damaged_deck,,,,"dmod, fighterBayDamage",,,,TRUE,,0,0,0,0,com.fs.starfarer.api.impl.hullmods.DamagedFlightDeck,"La cubierta de despegue de esta nave han sufrido daños importantes que dificultan considerablemente su funcionamiento normal. El tiempo necesario para lanzar cazas de repuesto aumenta en un %s.

El coste de suministros para recuperarse tras un despliegue se reduce en un %s.",,,graphics/hullmods/damaged_flight_deck.png
Subsistemas Poco Fiables,fragile_subsystems,,,,"dmod, damage, peak_time, notPhase",,,,TRUE,,0,0,0,0,com.fs.starfarer.api.impl.hullmods.FragileSubsystems,"Una pérdida generalizada de componentes redundantes reduce el tiempo máximo de funcionamiento en un %s y aumenta la velocidad a la que se deteriora la preparación para el combate en un %s.

El coste de los suministros necesarios para recuperarse tras un despliegue se ha reducido en un %s.",,,graphics/hullmods/fragile_subsystems.png
Almacenamiento Comprometido,comp_storage,,,,"dmod, damage, civOnly",,,,TRUE,,0,0,0,0,com.fs.starfarer.api.impl.hullmods.CompromisedStorage,"La capacidad de almacenamiento de esta nave se ha visto considerablemente reducida. La capacidad para tripulación, carga y combustible se ha reducido en un %s.

El coste de los suministros necesarios para recuperarse tras un despliegue se ha reducido en un %s.",,,graphics/hullmods/compromised_storage.png
Mantenimiento Incrementado,increased_maintenance,,,,"dmod, damage, civ, notAuto",,,,TRUE,,0,0,0,0,com.fs.starfarer.api.impl.hullmods.IncreasedMaintenance,"Aumenta el coste mensual de suministros para el mantenimiento en un %s. Aumenta la tripulación mínima necesaria en un %s. Reduce la capacidad de combate máxima en un %s.

Se reduce en un %s el coste de los suministros necesarios para recuperarse tras un despliegue.","Aumenta los costes de mantenimiento y la tripulación mínima, y reduce la capacidad de combate máxima.",,graphics/hullmods/increased_maintenance.png
Inyector de Combustible Errático,erratic_injector,,,,"dmod, damage, civ",,,,TRUE,,0,0,0,0,com.fs.starfarer.api.impl.hullmods.ErraticInjector,"Aumenta el consumo de combustible en un %s y reduce el boost de 0-flux en %s su por segundo.

Se reduce el coste de suministros para recuperarse tras el despliegue en un %s.",Aumenta el consumo de combustible y reduce el boost de 0-flux.,,graphics/hullmods/erratic_injector.png
Sistemas Automatizados Defectuosos,faulty_auto,,,,"dmod, damage, notAuto",,,,TRUE,,0,0,0,0,com.fs.starfarer.api.impl.hullmods.FaultyAutomatedSystems,"Aumenta la tripulación mínima necesaria en un %s y reduce la capacidad de combate máxima en un %s.

Se reduce el coste de suministros para recuperarse tras un despliegue en un %s.","Aumenta la tripulación mínima necesaria y reduce la capacidad de combate máxima.",,graphics/hullmods/faulty_automated_systems.png
Soportes de Armas Dañados,damaged_mounts,,,,"dmod, damage",,,,TRUE,,0,0,0,0,com.fs.starfarer.api.impl.hullmods.DamagedWeaponMounts,"Reduce la velocidad de rotación del arma en un %s y aumenta el retroceso en un %s.

Se reduce el coste de suministros para recuperarse tras el despliegue en un %s.",Reduce la velocidad de rotación del arma y aumenta el retroceso.,,graphics/hullmods/damaged_weapon_mounts.png
Soporte Vital Degradado,degraded_life_support,,,,"dmod, damage, notAuto",,,,TRUE,,0,0,0,0,com.fs.starfarer.api.impl.hullmods.DegradedLifeSupport,"Reduce la capacidad máxima de tripulación en un %s y la capacidad de combate máxima en un %s.

El coste de suministros para recuperarse tras un despliegue se reduce en un %s.",Reduce la capacidad máxima de tripulación y la capacidad de combate máxima.,,graphics/hullmods/degraded_life_support.png
Escudos Degradados,degraded_shields,,,,"dmod, damage, reqShields",,,,TRUE,,0,0,0,0,com.fs.starfarer.api.impl.hullmods.DegradedShields,"Aumenta el daño que reciben los escudos en un %s.

Se reduce el coste de suministros para recuperarse tras el despliegue en un %s.",Aumenta el daño que reciben los escudos.,,graphics/hullmods/degraded_shields.png
,,,,,,,,,,,,,,,,,,,
Soportes de Armas Destruídos,destroyed_mounts,,,,dmod,,,,TRUE,,0,0,0,0,data.hullmods.DestroyedWeaponMounts,Algunos de los soportes originales para armas de esta nave han sufrido daños irreparables y ya no se pueden utilizar.,,,graphics/hullmods/damaged_weapon_mounts.png
Modificaciones Desacertadas,ill_advised,,,,dmod,,,,TRUE,,0,0,0,0,data.hullmods.IllAdvised,"Los sistemas de este casco se han modificado drásticamente con respecto a las especificaciones, probablemente sin la supervisión de un ingeniero certificado. Aunque parecen funcionar correctamente en condiciones normales, existe un riesgo considerable de que se produzcan fallos graves cuando se someten a un esfuerzo excesivo.",,,graphics/hullmods/illadvised.png
